segregant,"initial fitness, YPD 30C",std err,"initial fitness, SC 37 C",std err.1,"(final fitness at 30C, final fitness at 37C), populations evolved at 30C","(final fitness at 30C, final fitness at 37C), populations evolved at 37C",is_hyg_sensitive_guess,is_nat_sensitive_guess
LK1-A02,0.074568945,0.0018857879999999998,0.117547414,0.003180032,"clone-4 0.122425685407 0.142855749915,clone-1 0.0578684036189 0.114224793249","clone-4 0.114460991532 0.174191999559,clone-3 0.0837911537537 0.181944352542,clone-2 0.0904272673462 0.179026497094,clone-1 0.104807119419 0.189063958783",False,True
LK1-A05,0.07181288400000001,0.0025140970000000003,0.109737998,0.003733592,"clone-4 0.132099817394 0.16120515844,clone-3 0.102181841077 0.142878077285,clone-2 0.135913154 0.138281642687,clone-1 0.107493144912 0.133409129125","clone-4 0.0563528392969 0.175961098691,clone-3 0.0919399702211 0.142862787259,clone-2 0.098852788137 0.154155753034,clone-1 0.0959710394315 0.164691307648",True,False
LK1-A06,0.031765912,0.0013855010000000001,0.022412657000000002,0.002253555,"clone-4 0.070500255624 0.0688562767802,clone-3 0.0777547349818 0.0993758472478,clone-2 0.0820129179137 0.10549968077,clone-1 0.0677991185571 0.0551404057879","clone-4 0.0678730346836 0.0945987611377,clone-2 0.0773264104483 0.111307199106,clone-1 0.0686182522368 0.119769814875",False,True
LK1-A09,-0.063297996,0.0014417479999999999,-0.203332237,0.004328811,"clone-4 0.0371740365645 -0.152840115278,clone-3 0.00474027277442 -0.105306043689,clone-2 0.040669641232 -0.355681585539,clone-1 0.0203586460845 -0.106432491355","clone-4 0.0590391038669 0.0551620739415,clone-3 -0.0146420422863 0.000464485913253,clone-2 0.0350489986696 -0.00720395225137,clone-1 0.0479931569188 0.0472252929497",True,True
LK1-A10,-0.059235835,0.001970869,-0.07924137099999999,0.00317591,"clone-4 0.0409703801954 0.095232482191,clone-3 -0.0213047480997 -0.0519112184711,clone-2 0.00414621740907 0.00366512650672,clone-1 -0.0305941738223 -0.0795268500366","clone-4 -0.0123424386547 0.0352493187897,clone-3 0.0863937981028 0.166251378008,clone-2 0.0271265506983 0.0960847105939,clone-1 0.0431668539185 0.106490709663",True,True
LK1-B01,0.007985589,0.0013928120000000002,0.060621583,0.006314526,"clone-4 0.042090802673 0.0846673769857,clone-3 0.0382965688042 0.103697471785,clone-2 0.0450977976961 0.10744691253,clone-1 0.0332270965892 0.0950902906187","clone-4 0.0117529903919 0.107304721665,clone-2 0.000927022340112 0.116262198167,clone-1 -0.00167846099968 0.124710258119",True,False
LK1-B03,-0.061280442000000004,0.001987651,-0.133088717,0.020612382,"clone-4 0.0494631658346 -0.0592090422856,clone-3 0.0535524090302 -0.010186418264,clone-2 0.0344609973462 -0.0424575481617,clone-1 0.00300789989028 -0.0846402323742","clone-4 0.0349960257391 0.0486074258757,clone-3 -0.00260364621439 -0.0603587502829,clone-2 0.0892249044696 0.104055176602,clone-1 -0.0102847058251 -0.00345498744809",False,True
LK1-B04,-0.09425094,0.002049753,-0.163648453,0.0024886979999999997,"clone-4 -0.0518071447217 -0.132841263929,clone-3 -0.0568759467961 -0.124695076606,clone-2 -0.0182979828513 -0.07535792958,clone-1 -0.0586842740883 -0.117139522519","clone-4 -0.0403024869754 -0.0932607404618,clone-3 -0.0875719971344 -0.112078382155,clone-1 0.0709476747112 0.118209113397",True,False
LK1-B05,-0.051014885,0.0036071,-0.10865317199999999,0.012634946000000001,"clone-4 0.0468311273877 -0.0601413551364,clone-3 0.0312707523558 -0.145384924875,clone-2 0.063229461358 0.0524999035134,clone-1 0.016700264195 -0.0158147772433","clone-4 0.0750014077737 0.140927368115,clone-3 0.0933622478624 0.19012719823,clone-2 0.0908813141424 0.18416420465,clone-1 0.042117059323 0.166585866178",False,True
LK1-B08,-0.092333836,0.001823438,-0.167978784,0.02167536,"clone-4 0.0371500538286 0.0087020315358,clone-3 0.0457203497448 -0.0182641473501,clone-2 0.0385304919627 -0.0240604623484,clone-1 0.0608233451385 -0.107722916395","clone-4 0.0463239309252 0.101669712866,clone-3 0.06142502863 0.11798006973,clone-2 0.0590488753639 0.115765600737,clone-1 0.0619999278879 0.105834038268",True,True
LK1-C06,0.078083465,0.002373455,0.114340271,0.004037815,"clone-4 0.107573973714 0.126544125743,clone-3 0.109251687423 0.135462537307,clone-2 0.117962319056 0.136873039786,clone-1 0.124491700918 0.152789320198","clone-4 0.111001605752 0.180080348674,clone-3 0.10853619003 0.160401176707,clone-2 0.119090449374 0.225770228085,clone-1 0.0900284512323 0.180121657887",True,True
LK1-C07,0.00115568,0.0008219610000000001,-0.029320192000000002,0.000442994,"clone-4 0.0548449723452 -0.0312235134027,clone-3 0.0845237533795 -0.0608897535369,clone-2 0.0747142468565 0.0423609076931,clone-1 0.0676018550926 -0.0102968160281","clone-4 0.0620303017674 0.0987586106097,clone-3 0.0499306658662 0.0991576119416,clone-2 0.0270947606877 0.0946256362727,clone-1 0.0587497476999 0.101880393636",False,True
LK1-C09,0.097834819,0.0028426059999999997,0.167291493,0.007963378,"clone-4 0.0980779006586 0.185652399843,clone-3 0.12218746291 0.202044975417,clone-2 0.118784436389 0.211720029028,clone-1 0.118279443243 0.195369349707","clone-4 0.124035440877 0.197630318692,clone-3 0.121070469535 0.218157495385,clone-2 0.130233330821 0.217636454287,clone-1 0.124336352295 0.240485320257",False,True
LK1-C11,0.03763259,0.002119406,0.126605297,0.002086122,"clone-4 0.0737207330411 0.144186446659,clone-3 0.042189205975 0.133868981465,clone-2 0.082984523976 0.151248674586,clone-1 0.0860464800744 0.146785016154","clone-4 0.0847649290543 0.204134564994,clone-3 0.0629430592133 0.148427442416,clone-2 0.0742503360047 0.205264592197,clone-1 0.0603614616316 0.18866702439",True,True
LK1-D02,-0.03975231,0.001101989,-0.129590606,0.00173544,"clone-4 0.0125620664397 -0.11585488534,clone-3 0.0456132032808 -0.0205719686782,clone-2 0.0265533371814 -0.00317302370962,clone-1 0.0504634207321 0.00163425607828","clone-4 0.0334928424598 0.111954438208,clone-3 0.0894381776095 0.152171942011,clone-2 0.0845073708237 0.116791009915,clone-1 0.0831079676397 0.107975590109",True,False
LK1-D06,-0.060605349,0.002381714,-0.178040213,0.012995463,"clone-4 -0.0271680613229 -0.312216502374,clone-3 0.0329469183881 -0.0695312246385,clone-2 0.0480493992886 -0.0357183564246,clone-1 -0.0361223197375 -0.157306112837","clone-4 0.0256461675559 -0.0523467768495,clone-3 0.0222400093163 -0.0858254737817,clone-2 -0.00493761404452 -0.0920065653364,clone-1 -0.0406539901588 -0.122965666071",True,False
LK1-D08,-0.008491259000000001,0.002720308,0.046031344,0.004462581,"clone-4 0.0314156210354 0.074492614706,clone-2 0.0437623941842 0.0585155292298,clone-1 0.03976321097 0.117021105812","clone-4 0.0338633103181 0.173362724257,clone-2 0.078004745214 0.158809774656",True,False
LK1-D10,-0.037986439,0.000620934,-0.130703974,0.007328755,"clone-4 -0.00556039068883 -0.0305827510791,clone-3 0.0102184004298 -0.0878290798676,clone-2 0.028248967916 -0.0244526924012,clone-1 0.0720215471184 0.11010219392","clone-3 0.0160963099925 0.128835910971,clone-2 0.0592652803961 0.0350972157546,clone-1 0.0179919115435 -0.0145310885615",True,True
LK1-D12,-0.057403752,0.00191313,-0.17126028899999998,0.023877209,"clone-4 0.0325026304684 -0.0268067368883,clone-3 0.00388226132847 -0.0699319881914,clone-2 0.023424859256 -0.14097287582,clone-1 0.0212605244766 -0.0169157497179","clone-4 0.0334673647984 0.0827130139167,clone-3 -0.0330993982766 -0.0914098200225,clone-2 0.0513125786893 0.0124974426377,clone-1 0.0337465895769 0.0119795595248",True,True
LK1-E01,-0.043467154,0.002411074,-0.168917968,0.003426991,"clone-4 0.0887516843308 0.106427859799,clone-3 0.049257128896 -0.0406104088151,clone-2 0.0329052899086 -0.210512446394,clone-1 0.00320364617917 -0.121905401934",clone-1 0.0718213907738 0.0505166503672,True,False
LK1-E04,0.010654118,0.022265734,-0.034910951,0.015278856,"clone-4 0.0926814072989 0.0819323373498,clone-3 0.0511222641571 -0.0195317304696,clone-2 0.0598625823483 -0.00974340419927,clone-1 0.1019523919 0.042452857596","clone-4 0.0745398085995 0.163174312921,clone-2 0.0878792517227 0.160001275388,clone-1 0.0832195263507 0.175431877562",False,True
LK1-E07,-0.10555883,0.0019519320000000002,-0.20706999899999998,0.002116693,"clone-4 0.0291245644901 -0.0604658354695,clone-3 0.0397830660133 -0.050858516859,clone-2 0.00201120716869 -0.077209965066,clone-1 0.0357779576271 -0.201859326836","clone-4 0.0232230548058 -0.00217819517738,clone-3 -0.00180898827395 0.00370419254687,clone-2 0.0432415445405 0.0191346371676,clone-1 -0.0781053795744 -0.0831737485655",False,True
LK1-E09,0.00130607,0.017980212,-0.03840633,0.0018815260000000001,"clone-4 0.0985874058475 0.129545871807,clone-3 0.101206235944 0.118596198165,clone-2 0.0912294132206 0.0343395804752,clone-1 0.0776826035504 0.0809646205754","clone-4 0.0974333416828 0.205948808,clone-3 0.0378206586511 0.189711057064,clone-2 0.0967903296416 0.191273883534,clone-1 0.0706931132392 0.187040793447",False,True
LK1-F05,0.046509142,0.004982449,0.134839585,0.0039947229999999995,"clone-4 0.0530085637861 0.120009992162,clone-3 0.051345889831 0.115290993498,clone-2 0.0572144690963 0.122196565295,clone-1 0.0516910338286 0.134809732678","clone-4 0.0626439948569 0.155932672012,clone-3 0.0615092395112 0.148267925747,clone-2 0.0667633982055 0.175428132263,clone-1 0.0541103497121 0.189547100224",True,False
LK1-G03,0.044068065,0.001000773,0.06570955,0.0013211879999999998,"clone-4 0.0544667171701 0.0887274291488,clone-3 0.0502170616674 0.0739549041282,clone-2 0.0523788602061 0.0630216646615,clone-1 0.0464935498671 0.0644070547321","clone-4 0.0661590572559 0.142079459484,clone-3 0.0770317710324 0.137496568309,clone-2 0.0704346744563 0.121081613709,clone-1 0.0637004185892 0.133800101639",False,True
LK1-G08,-0.076569198,0.003825914,-0.147597455,0.003389224,"clone-4 0.0384905201103 -0.0350115364925,clone-3 -0.0379181244568 -0.0984472712619,clone-2 -0.0191615073637 -0.100797342456,clone-1 0.00772374527419 -0.0273565791822","clone-4 0.00785500611702 0.0899805287514,clone-3 0.0407355328712 0.0835366124237,clone-2 0.0136972417484 0.061974563303,clone-1 0.0661704038961 0.072828770526",True,True
LK1-G09,-0.110538363,0.000852454,-0.183165656,0.007569746,"clone-4 -0.0523994502183 -0.108196703784,clone-3 0.00796811408126 -0.0861989561348,clone-2 -0.0345869568017 -0.062803068483,clone-1 -0.0858852541043 -0.150895290433","clone-4 -0.0645382038174 -0.0718086902037,clone-3 -0.0483050716703 0.0253154518555,clone-2 -0.0538495175041 -0.0322879631694,clone-1 -0.0301297968923 0.00121206840397",True,False
LK1-G11,0.02621332,0.0022688820000000003,0.07738515,0.00441066,"clone-4 0.0562660549018 0.12447849018,clone-3 0.0598944348661 0.130233165031,clone-2 0.0623822867899 0.123156580055,clone-1 0.0668082367851 0.127356944434","clone-4 0.111305669732 0.21251385055,clone-3 0.0543766360459 0.154072729069,clone-2 0.0895520180447 0.142065264171,clone-1 0.0830845405588 0.140674291439",True,False
LK1-G12,-0.066683388,0.0020499010000000002,-0.122929371,0.004806891,"clone-4 -0.0393211717772 -0.0777126466349,clone-3 -0.0361055787381 -0.0759517012209,clone-2 0.0278018904536 0.055613345388,clone-1 -0.0243870551633 -0.0876123951457","clone-4 0.0144188936206 -0.0246298077394,clone-3 -0.0401865778708 0.013490654561,clone-2 0.0250304969574 0.0893970131424,clone-1 0.0371788133717 0.0292247565101",True,True
LK1-H02,0.078019075,0.001225538,0.152108525,0.003079288,"clone-4 0.0991573009403 0.165833852069,clone-3 0.122499985791 0.167529516121,clone-2 0.127823261173 0.211635239404,clone-1 0.115069753406 0.164599689894","clone-4 0.0897134110554 0.186105778682,clone-3 0.1094913985 0.215525090482,clone-1 0.104457639411 0.197463665217",True,True
LK1-H04,-0.07081425599999999,0.0015496210000000002,-0.18757095,0.007748606999999999,"clone-4 0.0464167396526 0.00164341653851,clone-3 0.0507864660458 -0.237723872329,clone-2 -0.0228294313325 -0.0998785618752,clone-1 -0.00244529975031 -0.0516269507928","clone-4 0.0309254258723 0.0539677042856,clone-2 0.0305407883341 0.113708797006,clone-1 -0.00395085040852 -0.0531686941905",False,True
LK1-H09,0.066765193,0.0020173079999999998,0.11717192300000001,0.013590615,"clone-4 0.103060059081 0.170638618825,clone-3 0.132448847103 0.189342128955,clone-2 0.134189669622 0.19982979942,clone-1 0.138960452832 0.197290368095","clone-4 0.116686128269 0.189805706773,clone-3 0.114445011805 0.164069248335,clone-2 0.119154924674 0.176213499706,clone-1 0.110270707458 0.181154501148",True,False
LK2-A01,-0.003379405,0.00082545,0.024187933,0.023005946,"clone-4 0.0542596208093 0.112590933523,clone-3 0.0372447321555 0.089294391885,clone-2 0.0381334484465 0.116281143436,clone-1 0.0287708428052 0.118532638394","clone-4 -0.014978335727 0.0903481850947,clone-3 0.0442910609049 0.130049808262,clone-2 0.0434690992955 0.132967459381,clone-1 0.0470061842988 0.110838329158",True,True
LK2-A05,-0.07650302099999999,0.001328502,-0.22084875699999998,0.009668531999999999,"clone-4 0.0548296009708 0.033022474571,clone-3 0.0524505092971 -0.0520767177959,clone-2 0.0573254752845 0.0118998608193,clone-1 0.0350510516143 -0.10030253069","clone-3 0.0298877445055 0.0585140979984,clone-2 0.0147191624961 0.025670826613,clone-1 0.0724890482034 0.139803481953",True,True
LK2-A06,-0.08736029599999999,0.0015282339999999998,-0.157961605,0.017657207,"clone-4 0.0762379256734 -0.0136023676458,clone-3 0.0078360652157 -0.0835176013582,clone-2 0.0351149760792 -0.0783840612299,clone-1 0.0285843135118 -0.0860258977559","clone-4 0.0668171790886 0.118208622732,clone-3 0.0524852134308 0.0859520382945",True,True
LK2-A07,0.005623133000000001,0.0009874880000000001,-0.07654205,0.002285521,"clone-4 0.0851787922056 -0.152391670626,clone-3 0.0827256525173 0.0762046472424,clone-2 0.0865550847468 0.10282943424,clone-1 0.0863188388651 0.0781544314883","clone-4 0.0808041987009 0.123004539745,clone-3 0.0718277415338 0.124118686661,clone-2 0.0813867893703 0.137339461405,clone-1 0.0627156079432 0.0908182174392",True,True
LK2-A10,-0.06981008799999999,0.001116005,-0.18364342,0.006529816999999999,"clone-3 0.0498373845272 -0.0200351902502,clone-2 0.018936024785 -0.162145357322,clone-1 0.048358701861 -0.0493489760006","clone-4 0.0173027379622 -0.0490420103976,clone-3 0.0299930064936 0.0448575582228,clone-2 0.0213576456885 -0.044830558756,clone-1 0.0241792957702 -0.0297881633382",False,True
LK2-A11,-0.12701237599999998,0.005409046,-0.174431105,0.010501958,"clone-4 -0.0196752086267 -0.125169522947,clone-3 -0.0622975384278 -0.113480472561,clone-2 -0.0181786087952 -0.205698078121,clone-1 -0.0579332790812 -0.152104050201","clone-4 0.0190659100653 0.0564104400548,clone-3 -0.0319020435337 -0.0690635628952,clone-2 -0.0842778919971 -0.0416255497571,clone-1 0.0782045639015 0.10212545275",True,True
LK2-A12,-0.029611706,0.000725333,-0.09587215,0.0021297770000000002,"clone-4 0.0166550832869 -0.0331533171978,clone-3 -3.74196144255e-05 -0.0359873366045,clone-2 0.00705334315382 -0.0303174511589,clone-1 0.00125321468601 -0.0384731262083","clone-4 0.0945702708242 0.203479507372,clone-3 0.024777170853 0.0584790622671,clone-2 0.00278890656146 -0.00127094731389,clone-1 0.0124087237439 0.00335100428053",True,False
LK2-B04,0.068553692,0.0019198589999999999,0.078875086,0.003181613,"clone-4 0.0955101499144 0.0809942920233,clone-3 0.113430955757 0.15819116848,clone-2 0.106218166578 0.0846089669698,clone-1 0.0925167908073 0.130350327412","clone-4 0.0888820678843 0.174493872094,clone-3 0.0976513522206 0.182171006415,clone-2 0.0664613402955 0.130318774161,clone-1 0.0686200657211 0.159097182464",False,True
LK2-B05,0.038236482,0.001694235,0.10015755800000001,0.0034339559999999997,"clone-4 0.0776446885295 0.139195049544,clone-3 0.0549852872661 0.112435454698,clone-2 0.100769721188 0.199395845708,clone-1 0.0967185938507 0.192035903269","clone-4 0.0656704629143 0.151276004777,clone-3 0.0674796906782 0.143634857488,clone-2 0.0806145788075 0.159010537517",True,True
LK2-B07,-0.00378999,0.002134717,0.028157332,0.002047677,"clone-4 0.0507419696775 0.116431894129,clone-3 0.043826904256 0.099197621671,clone-2 0.0326064844774 0.0873423537941,clone-1 0.052513847428 0.126995461879","clone-4 0.0552744125561 0.156580180565,clone-3 0.065607518313 0.14563110621,clone-2 0.0637884664492 0.155964208948,clone-1 0.0434433043857 0.122255863486",True,False
LK2-C05,-0.072951481,0.001389961,-0.18383938100000002,0.010559586000000001,"clone-4 -0.0275124726583 -0.123681867873,clone-3 0.000873828947718 -0.177359379472,clone-2 0.0547348971164 -0.0117970869038,clone-1 0.00784514381848 -0.223449662629","clone-4 0.0775434466736 0.14240435511,clone-3 0.0202479222878 0.0156191397172,clone-2 0.0158957957465 0.0884794774187,clone-1 0.0456227184486 0.124061856369",True,False
LK2-C09,-0.029181055,0.00120551,-0.07239523099999999,0.00181811,"clone-4 0.0926131438235 0.109765204882,clone-3 0.0509717987199 0.0257445602724,clone-2 0.0279178319079 0.0158180057081,clone-1 0.0191664984565 0.00561126836781","clone-4 0.0404297352901 0.0667075457681,clone-3 0.0760103374376 0.137510847612,clone-2 0.0837343567853 0.120857491162,clone-1 0.0157550809122 0.0322339903037",True,False
LK2-D05,-0.040989887,0.000544406,-0.068136323,0.001357179,"clone-4 -0.00255342426423 -0.0440130755254,clone-2 0.0164800718786 -0.0126383606287,clone-1 0.0808632536531 0.11898422939","clone-4 0.0836184542389 0.140365494797,clone-3 0.0583848566177 0.0985163682098,clone-2 0.0910220691555 0.147401792357,clone-1 0.0210647237351 0.155167260318",True,True
LK2-D07,-0.009147778,0.002927151,-0.063834258,0.003735151,"clone-4 0.017228209791 0.0728992432928,clone-3 0.0297142182735 0.022128604704,clone-2 0.0184004022605 -0.0548287262825,clone-1 0.0291127883443 -0.00355831461326","clone-4 0.0452215998002 0.0947280225621,clone-3 0.0434569981869 0.0778648634759,clone-2 0.0463775383578 0.0621939354476,clone-1 0.0341174815155 0.0612834049091",True,False
LK2-D09,-0.04650311,0.002073227,-0.179497867,0.030931191,"clone-4 -0.0201873829121 -0.208235706542,clone-3 0.0251044930955 -0.0863400720365,clone-2 -0.0194839973654 -0.178982007763,clone-1 -0.0052286837445 -0.138126904817","clone-4 -0.00843701701004 -0.0462604818243,clone-3 -0.0199011133776 0.0591034392104,clone-2 0.0307880822133 0.0298039626053,clone-1 0.032163648641 0.0924722634841",True,False
LK2-E07,0.021067245,0.000836698,0.044593800999999995,0.001050918,"clone-4 0.0549045586278 0.117403414041,clone-3 0.0595388787661 0.11902562981,clone-2 0.0522338409407 0.0999207543132,clone-1 0.0575246952347 0.113213329599","clone-4 0.0711822502166 0.171794528172,clone-3 0.0907033271811 0.19222411364,clone-2 0.121243583788 0.197264470174,clone-1 0.0857917595575 0.178739925714",True,False
LK2-E08,-0.01185898,0.0014346060000000002,-0.15088982199999998,0.016173041000000003,"clone-4 0.0654540889569 0.0636908260847,clone-3 0.0576394657077 0.0394141394514,clone-2 0.0433982258296 -0.163539229921,clone-1 0.0358733281438 -0.119244080609","clone-4 -0.0395975742604 0.0187585147112,clone-3 -0.0101816741459 0.0701561978824,clone-2 0.0534428345818 0.103305187808,clone-1 0.0244751165781 -0.00614207083857",True,False
LK2-E12,-0.003211055,0.001972046,-0.017010453999999998,0.0026624640000000002,"clone-4 0.0752215261058 0.0840363340416,clone-3 0.0705967857267 0.10696090539,clone-2 0.0805703232314 0.0845234076274,clone-1 0.0695365982922 0.123525572691","clone-4 0.106062369863 0.152835760368,clone-3 0.099658362315 0.159062873134,clone-2 0.107752186652 0.180325126856,clone-1 0.0977200294118 0.14147666824",False,True
LK2-F04,0.06440686799999999,0.003259892,0.107985266,0.004070652,"clone-4 0.106959910797 0.139950513205,clone-3 0.106684845148 0.150723667043,clone-2 0.0724496183342 0.10385380809,clone-1 0.0875096114897 0.139252903726","clone-4 0.10259274027 0.177313479334,clone-3 0.0957413160737 0.144674515017",True,True
LK2-F05,-0.081182272,0.001112702,-0.163863956,0.004783614,"clone-4 0.0434447535533 0.033745535788,clone-3 0.0226538490536 -0.0413406452027,clone-2 0.0819658334244 0.100456280795,clone-1 0.0303211069839 -0.0446094630604","clone-4 0.0403470962013 0.0543685385728,clone-3 0.069416936413 0.123901711929,clone-2 0.0227786887316 0.0495999054787,clone-1 -0.0280824907014 -0.00539746951161",False,True
LK2-F07,-0.012979131999999999,0.0026556109999999996,-0.10741188800000001,0.010565709,"clone-4 0.0855491483619 0.0133959982069,clone-2 0.0501462357041 -0.0773477452651,clone-1 0.0670602164207 -0.013691533315","clone-4 0.0533708792635 0.0532972332352,clone-2 0.0655002479078 0.134155278568,clone-1 0.0530498034188 0.0984444801316",False,True
LK2-F11,0.035349227000000004,0.001556056,0.034159137,0.002133811,"clone-4 0.0743707596117 0.0863692061676,clone-3 0.11544131393 0.122431683728,clone-2 0.109149548165 0.112679136759,clone-1 0.0849586901363 0.0970428607814","clone-4 0.0983589280612 0.140491602133,clone-3 0.103767100591 0.141456771803,clone-2 0.133924575651 0.170336937133,clone-1 0.098911165426 0.1541132525",True,False
LK2-G07,-0.019194571,0.003972427,0.006137196,0.0019200439999999999,"clone-4 0.059119342971 0.0867085639793,clone-3 0.0695887413065 0.0845991243782,clone-2 0.0951040511582 -0.281603601948,clone-1 0.0987670386969 0.163258344419","clone-4 0.0930265242667 0.153764070932,clone-3 0.09563423425 0.174191067381,clone-2 0.100225235243 0.158101252549,clone-1 0.0723913236121 0.151974226977",True,False
LK2-G09,-0.074272333,0.000810006,-0.131136825,0.005267191,"clone-4 0.00095091685054 -0.0934612629796,clone-3 0.0258594835244 -0.0380821850523,clone-2 0.0427194384036 0.0342501644917,clone-1 0.0778886440811 0.0944028278186","clone-4 0.0359450054367 0.0235620089012,clone-3 0.0553116521209 0.170500934955,clone-2 0.0144709392596 -0.0497201855863,clone-1 0.0799747919772 0.127297204129",False,True
LK2-G10,-0.005487313000000001,0.001771711,-0.050910067,0.00634689,"clone-4 0.0202061978425 -0.0164051134211,clone-3 0.0262051695557 0.04838983836,clone-2 0.0200873462195 -0.0766254708869,clone-1 0.0173947047406 0.00722397753297","clone-4 0.0205913984094 0.0934852142972,clone-3 0.0240562946292 0.0995598710134,clone-2 0.0238797359142 0.098377957493,clone-1 0.0153212340162 0.0320918157653",True,False
LK3-A01,0.019923344,0.00027069,0.010568333999999999,0.001963671,"clone-4 0.0879799622597 0.103342990616,clone-3 0.0591987471792 0.072890311698,clone-2 0.0656361405986 0.0815503750683,clone-1 0.0595498754776 0.0763784789379","clone-4 0.0554893126094 0.0732171766531,clone-3 0.0623573925267 0.0870706197118,clone-2 0.0615179878844 0.0843202834769,clone-1 0.0587832367615 0.104240392678",True,True
LK3-A05,-0.033288213999999997,0.0012241510000000001,-0.096781875,0.0036797009999999996,"clone-4 0.0544483807147 0.148548272034,clone-3 0.0448527778992 0.143301321884,clone-2 0.0478096568373 0.134666019954,clone-1 0.049010301814 0.147502031156","clone-3 0.0764711903366 0.232564463261,clone-2 0.0464659445377 0.145814183996,clone-1 0.0424782788315 0.18667162159",False,True
LK3-A07,-0.008287901,0.00131986,0.001722269,0.001627151,"clone-4 0.0738934209015 0.0949355379052,clone-3 0.074326268463 0.103016968294,clone-2 0.0295494881522 0.0345048823954,clone-1 0.071711515168 0.104032457343","clone-4 0.0606487249604 0.164560377977,clone-3 0.061630132242 0.124544608088,clone-2 0.0629233218145 0.205412331534,clone-1 0.0684354276023 0.205581453463",True,False
LK3-A12,-0.058972614000000007,0.0014948070000000001,-0.049767569000000005,0.00130215,"clone-4 0.0431025900333 0.13287754399,clone-3 0.113718202023 0.183927461363,clone-2 0.0850592956476 0.133198577486,clone-1 0.0577935510104 0.130339133328","clone-4 0.0999800571615 0.200942812673,clone-3 0.110992523345 0.190562384867,clone-2 0.0915217050025 0.194194780118,clone-1 0.0933319630507 0.192173917727",True,True
LK3-B02,-0.06193690599999999,0.000443142,-0.16190231,0.0037763370000000003,"clone-4 -0.0232484205945 -0.27488179063,clone-3 0.0328221994349 -0.0337899804764,clone-2 -0.0109539182628 -0.179550192824,clone-1 -0.0210970125931 -0.193632579077","clone-4 -0.0512446863305 -0.102187056605,clone-3 -0.0095972115396 0.0331249686859,clone-2 -0.0379930685793 -0.052791517261,clone-1 -0.0506158986726 -0.0849124068993",True,False
LK3-B03,0.020432307,0.000937275,0.098410631,0.00135276,"clone-4 0.0894525618916 0.160066416208,clone-3 0.0404212453786 0.121874674327,clone-2 0.0747668644596 0.121398525334,clone-1 0.0595933659983 0.121847460281","clone-4 0.0471129974428 0.119162860396,clone-3 0.0618984806855 0.116027987487,clone-2 0.0644136123023 0.193191266971,clone-1 0.0526530400222 0.119304318534",False,True
LK3-B04,-0.049552474000000006,0.002244912,-0.178874628,0.0059321090000000005,"clone-4 -0.0129676690081 -0.109713928918,clone-3 0.0823977943574 -0.07047132897,clone-2 0.00206057829264 -0.111660302195,clone-1 0.0387507498122 -0.0789639835555","clone-4 0.0955657804111 0.181555654648,clone-3 0.0909652984335 0.149495934223,clone-2 0.0530889730846 0.0295225753228,clone-1 0.00862205791915 0.133883675594",True,True
LK3-B08,0.0016018270000000001,0.0008278760000000001,0.006346353000000001,0.0010907389999999999,"clone-4 0.0516682742028 0.0605982764497,clone-3 0.0331077598398 0.0600120979899,clone-2 0.0688274077513 0.095583818417,clone-1 0.0455742470385 0.0504934305486","clone-4 0.0427224399261 0.0783443257758,clone-3 0.0671870727935 0.112873966608,clone-2 0.0712912151388 0.0844095147934,clone-1 0.0810082575642 0.0920552818109",True,True
LK3-B10,0.060567274000000004,0.0028171040000000004,0.06521731,0.0037573959999999997,"clone-4 0.111680733689 0.154137548057,clone-3 0.094744761848 0.104065509907,clone-2 0.0859880878824 0.114237017725,clone-1 0.0911386942055 0.119938105858","clone-4 0.0884845175011 0.182499545341,clone-3 0.093058621589 0.160646135265,clone-2 0.0889225293373 0.173918875612,clone-1 0.0906620271535 0.179623426731",True,False
LK3-B11,-0.030885662999999997,0.001028498,-0.119270739,0.004007625,"clone-4 0.00502871692498 -0.072667998124,clone-3 0.0265495778465 -0.00142394792511,clone-2 0.0226714842572 0.00141124057892,clone-1 0.00686944829228 -0.323163151562","clone-3 -0.00233013568633 -0.0781797847962,clone-2 0.0578732801823 0.165531759235,clone-1 -0.00891214484714 -0.00476335844271",False,True
LK3-B12,-0.069789932,0.0008823160000000001,-0.203220966,0.005673554,"clone-3 0.0422534082587 -0.00409113546996,clone-2 0.0273344581835 -0.0294583209877,clone-1 0.0157093528875 -0.0596201479394","clone-3 -0.00184991167902 0.0105462246463,clone-2 0.0253582808349 0.103965332087,clone-1 0.0359734386919 0.101928496905",True,True
LK3-C01,-0.048592385,0.0018015729999999999,-0.107225155,0.0069730009999999995,"clone-4 0.062522869665 -0.14368726039,clone-3 0.0372570589065 -0.188558790432,clone-2 0.0493178438408 -0.114497145262,clone-1 0.0483691961814 -0.173273355813","clone-4 0.018154969212 0.0372447916571,clone-3 0.0132224149282 0.0311937132157,clone-2 0.00429586942048 0.00332218326442",True,True
LK3-C04,-0.021324099,0.0023702560000000003,-0.067257697,0.0037855909999999996,"clone-4 0.0346807293321 0.0459184521114,clone-3 0.0571218223182 0.00968128156165,clone-2 0.0834059340634 -0.024888666761,clone-1 0.0536288872059 -0.0112498514979","clone-4 0.0556942283094 0.137508584906,clone-3 0.078276145078 0.127061945092,clone-2 0.0833484324004 0.140465152163,clone-1 0.0745927770619 0.13221481399",True,True
LK3-C06,0.010954336,0.004287036,0.027067427999999998,0.0014689,"clone-4 0.0350486639934 0.0873315503724,clone-3 0.0527041969937 0.10108580053,clone-2 0.0271794706932 0.0758025848912,clone-1 0.0503495471566 0.0773256070566","clone-4 0.0302704487427 0.152780237439,clone-3 0.0352069493045 0.165194486398,clone-2 0.0250832455704 0.14510417456,clone-1 0.0455687017245 0.139141090427",True,True
LK3-C08,0.080039068,0.0008949030000000001,0.077354406,0.0025382729999999997,"clone-4 0.116307566185 0.166930528432,clone-3 0.12996408192 0.180375249361,clone-2 0.110246820946 0.141646302532,clone-1 0.140050838457 0.201217038474","clone-4 0.146255245614 0.231259638141,clone-3 0.133667414267 0.218784090877,clone-2 0.130498541058 0.213355985562,clone-1 0.135722374829 0.210882713999",True,False
LK3-C09,-0.003210792,0.0041478470000000005,-0.149459799,0.002876094,"clone-4 0.0163611272533 -0.0476760526225,clone-3 0.0891350373984 0.181876215051,clone-2 0.0477312629177 -0.11634312016,clone-1 0.0140967730306 -0.118362148214","clone-4 0.0163361531133 0.0980653850626,clone-3 0.0201172662606 0.019876528327,clone-2 0.0363580359345 0.15329574357,clone-1 -0.112468484798 0.0532182246728",False,True
LK3-C11,-0.024302582000000003,0.000576726,-0.145219192,0.00887415,"clone-4 0.0250752934712 -0.00343163244953,clone-3 0.103673335333 0.121951667447,clone-2 0.0816130817232 0.21408489127,clone-1 0.0802337942857 0.139707384321","clone-3 0.00381009862349 0.00738629386604,clone-2 0.0577657193148 0.161327846518,clone-1 0.0450865573047 0.0539599534406",True,False
LK3-C12,0.004518577,0.001311814,0.07433448200000001,0.00257899,"clone-4 0.0368220945678 0.120789932177,clone-3 0.0466594082005 0.111187067986,clone-2 0.0374873504857 0.0904929892885,clone-1 0.0223759280316 0.12741064945","clone-4 0.0319002726979 0.134816752581,clone-3 0.0362878934972 0.153469285821,clone-2 0.0407933441673 0.138431953523,clone-1 0.0364688350965 0.148682162931",False,True
LK3-D01,0.066184564,0.002107369,0.149416028,0.005536494,"clone-4 0.097726019293 0.161556137423,clone-3 0.112166547718 0.179997493798,clone-2 0.0936943908674 0.184000022219,clone-1 0.0973668884478 0.186641082379","clone-4 0.0947024943552 0.198863151004,clone-3 0.0872019146975 0.183971369483,clone-2 0.0877642308589 0.192702222291,clone-1 0.0879610180289 0.193627177783",True,True
LK3-D04,-0.058895829000000004,0.002101211,-0.081783117,0.002702085,"clone-4 -0.0135776935771 -0.0608036708824,clone-3 -0.0268207347044 -0.105154926442,clone-2 -0.00268472871454 -0.0160488731476,clone-1 0.00190443774476 -0.00533991042142","clone-4 -0.000275427648659 0.0779667474276,clone-3 -0.0265977306238 0.0816596384526,clone-2 0.022677259597 0.101098950289,clone-1 0.0261511565125 0.123333484235",True,True
LK3-D05,-0.097416376,0.005207389000000001,-0.198496595,0.005704338000000001,"clone-3 0.0157140873381 -0.0737661784895,clone-2 0.045479901792 -0.00924324572225,clone-1 0.0513452786995 -0.117596239697","clone-3 -0.00138625135286 -0.00234775571413,clone-2 0.0322199585253 0.0583002909432",False,True
LK3-D08,0.023624539,0.001066733,0.022316865,0.001857119,"clone-4 0.0693465625861 0.142693798271,clone-3 0.0735110733513 0.148039205531,clone-2 0.0770000276415 0.140987263832,clone-1 0.0636055277829 0.0885188507258","clone-4 0.0898870069969 0.195870768205,clone-3 0.0953620660953 0.233937616849,clone-2 0.110583656342 0.230862387934,clone-1 0.0831580569719 0.174111498564",True,False
LK3-D09,-0.077437477,0.001233373,-0.202365913,0.022250294,"clone-4 0.071649610849 -0.0654144136526,clone-3 0.0277428256534 -0.0810016811732,clone-2 0.0309117021184 -0.0354100197558,clone-1 0.0260654572111 -0.0408658452398","clone-4 0.0362040143436 0.0197776328584,clone-3 0.00125677994904 -0.03563611503,clone-2 0.0829673540556 0.169354687327,clone-1 0.0692519298373 0.115107817222",True,True
LK3-E06,0.032744933,0.001324284,0.01638567,0.001082443,"clone-4 0.0589636171926 0.0654059493977,clone-3 0.0632684354669 0.0467496297734,clone-2 0.0661262590143 0.0753452714327,clone-1 0.0649130902669 0.0502004700018","clone-4 0.0409187029815 0.0872383482995,clone-3 0.0525904231076 0.108370749945,clone-2 0.0472125376613 0.100036265598,clone-1 0.0545927003729 0.0977167700297",False,True
LK3-E09,-0.056407575999999994,0.001992687,-0.137311859,0.017735864,"clone-4 0.0526138453815 0.0546143311149,clone-3 -0.00604757435157 -0.055815426379,clone-2 0.0498637704216 0.0530637041535,clone-1 0.0293548507324 0.0380584481207","clone-4 0.0462052354043 0.167294258301,clone-3 0.0354026930269 0.0714139683307,clone-2 0.0564014163325 0.138238246554,clone-1 0.119271887726 0.20927629548",False,True
LK3-F06,-0.125231999,0.003316742,-0.197763295,0.015401521999999999,"clone-4 0.0858134270644 0.110617215001,clone-3 -0.00337112995891 -0.161888652135,clone-2 -0.0367855648303 -0.113415875344,clone-1 -0.0713476810047 -0.214141577325","clone-4 -0.0066664214584 0.0444726026515,clone-3 -0.112473933299 -0.122132568928,clone-2 -0.0398526094582 -0.0225643873549,clone-1 -0.0262943811929 0.0140380386203",True,True
LK3-F10,0.031324745,0.004109679000000001,0.004161118,0.010623313,"clone-4 0.0825593875858 0.126911544176,clone-3 0.115091727926 0.152286716208,clone-2 0.0981552691404 0.168664052685,clone-1 0.0823714581189 0.132638811081","clone-4 0.117489232888 0.214042806854,clone-3 0.0935568593514 0.182477572986,clone-1 0.113320660256 0.195424892514",True,True
LK3-G01,0.0011257630000000001,0.001347415,-0.053898065,0.00223172,"clone-4 0.0622816250775 0.074091408579,clone-3 0.0984846840081 0.157961942186,clone-2 0.0818408129166 0.130910379025,clone-1 0.118155101101 0.167753177636",clone-1 0.0940188458033 0.171593737538,False,True
LK3-G02,-0.021250726,0.001267881,0.043989630999999994,0.002438646,"clone-4 0.0922936808318 0.0934689185877,clone-3 0.0742161471871 0.154942202762,clone-2 0.0677306063175 0.0693279153752,clone-1 0.0697807579616 0.0799297711853","clone-4 0.0724846894815 0.179201714385,clone-3 0.061641117623 0.188518395606,clone-2 0.0542596091397 0.172404946263,clone-1 0.0629751626777 0.172767219003",True,False
LK3-G08,0.093805708,0.001947704,0.134035164,0.004596637,"clone-4 0.101183938567 0.158782390342,clone-3 0.132171869676 0.190943038443,clone-2 0.12663120457 0.182218521748,clone-1 0.113549097393 0.161867367445","clone-4 0.111680967193 0.197845831788,clone-2 0.11487685477 0.168883747202,clone-1 0.140885480039 0.20883620152",True,False
LK3-G10,-0.05011661,0.0020623729999999997,-0.163074285,0.000422211,"clone-4 0.0529683412175 -0.171905156685,clone-3 0.00745511660248 -0.0819361117823,clone-2 0.058990774094 -0.0479490599319,clone-1 0.0258317953824 -0.100436799937","clone-4 0.0110614008603 -0.0136876202016,clone-3 0.0499859717747 0.123247136488,clone-2 -0.000471924928958 -0.0556797406725,clone-1 0.0444066532599 0.0979766756819",False,True
LK3-G11,-0.041289604,0.00152564,-0.103087544,0.0015816970000000002,"clone-4 0.00479403181579 -0.0478236706241,clone-3 -0.0209354778653 -0.0965830872082,clone-2 0.07431668339 0.0207656923554,clone-1 0.0358369778362 -0.0551618299534","clone-4 0.0204807909474 0.0347361217649,clone-3 0.0558956996702 0.0630218104538,clone-2 0.0777828363988 0.109491408381,clone-1 0.0541776880137 0.0506968418029",True,True
LK3-H03,-0.049118176,0.000897888,-0.138370321,0.002584757,"clone-4 -0.0143160343174 -0.102715787641,clone-3 0.0228637456346 -0.0546101863865,clone-2 0.000570223385662 -0.0926811673374,clone-1 0.0836108101094 0.0796375610014","clone-4 0.0451537264158 0.187711271776,clone-3 0.0215322667456 0.0413878759754,clone-2 0.0439283513974 0.0289721943791,clone-1 -0.0259008191409 -0.0802287522623",False,True
LK3-H05,0.017018613000000002,0.003074136,0.043253636,0.001405704,"clone-4 0.045098989491 0.0672370850662,clone-3 0.0481835126642 0.0839030684482,clone-2 0.0712988990157 0.0890052473375,clone-1 0.0375954819819 0.0918407216572","clone-4 0.040717163433 0.0911045038606,clone-3 0.0764700418379 0.12775657266,clone-2 0.07111005741 0.130467934492,clone-1 0.0301259777673 0.113371149198",True,True
LK3-H06,0.010126796,0.0025100920000000002,0.054375840999999994,0.002163903,"clone-4 0.0719010610328 0.107163283696,clone-3 0.0342283981679 0.0679355367018,clone-2 0.0320179245455 0.0434941440027,clone-1 0.0417037608879 -0.0583726861099","clone-4 0.000586193814534 0.0845096062955,clone-3 0.000541713724638 0.0967715370847,clone-2 0.0174071761873 0.084449305308,clone-1 0.000885076941567 0.0678983214934",True,False
LK3-H08,-0.066259295,0.0008130230000000001,-0.168195018,0.007563794,"clone-4 0.0250456033679 0.0131556241433,clone-3 -0.00989002429808 -0.115198567532,clone-2 -0.00876998772924 -0.0576715269877,clone-1 0.00495262967598 -0.175067630353","clone-4 -0.03011258494 -0.0831248222582,clone-3 0.072707701535 0.0988970224779,clone-2 0.0278604479721 0.00655227505054,clone-1 0.00685058835426 -0.0372062994225",True,False
LK3-H10,0.004132024000000001,0.002853798,0.061286016,0.005416096,"clone-4 0.0358661397259 0.0974696973626,clone-3 0.0261408769507 0.108074272237,clone-2 0.0347956198105 0.113367809902,clone-1 0.0269695062392 0.1137592709","clone-4 0.023939949246 0.114522337531,clone-3 0.0329199316243 0.125470625075,clone-2 0.0349689822069 0.128497968705,clone-1 0.0361518326382 0.131979434687",True,False
LK3-H11,-0.037647522999999995,0.0028948240000000003,-0.10886951800000001,0.003400899,"clone-4 0.0106545756166 -0.0390617858573,clone-3 0.0453785283907 0.131819200023,clone-2 0.0470955404928 0.0068320357072,clone-1 -0.00276944145393 -0.0987915989463","clone-4 0.0107058145717 -0.0119229246015,clone-3 0.0129236413477 0.138324649813,clone-2 0.0435972147995 0.13305902206,clone-1 0.0346496975 0.0962279255031",True,False
LK4-A04,0.036559047000000004,0.001857178,0.086066163,0.001109093,"clone-4 0.0510188162499 0.139256660227,clone-3 0.0560013426048 0.139401649107,clone-2 0.0628240341798 0.145832534258,clone-1 0.0848691705382 0.163388415863","clone-4 0.0792825968666 0.171359469805,clone-3 0.0632579311454 0.143142957302,clone-2 0.0790344923804 0.185557454672,clone-1 0.0603372820586 0.148598026835",True,False
LK4-A12,0.044940192000000004,0.00090309,0.105024869,0.002257357,"clone-4 0.0778664622799 0.129659868554,clone-3 0.0800620022781 0.130616963635,clone-2 0.0843488701328 0.151635653035,clone-1 0.0777469061331 0.140355205183","clone-4 0.0725684251805 0.160536228964,clone-3 0.0849030255461 0.158398921674,clone-2 0.0845458423547 0.138576620833,clone-1 0.0765434451762 0.164076195441",True,True
LK4-B01,-0.060980824,0.00109883,-0.142311833,0.01083453,"clone-4 0.0201176044929 -0.10541247459,clone-3 0.0784116708865 -0.00597978321132,clone-2 0.0920614627906 0.00255563418443,clone-1 0.0218124612407 -0.106436671345","clone-4 -0.0128463893541 0.0346891724602,clone-3 0.0298698848104 0.193536999419,clone-2 -0.000523116936157 -0.0158843810663,clone-1 0.0028917759773 0.00985658515238",True,False
LK4-B03,-0.037788014,0.000701805,-0.106871525,0.00264129,"clone-4 0.0165322925982 -0.105565992353,clone-3 0.0701496294972 -0.105351287189,clone-2 0.0144254738874 -0.101846507791,clone-1 0.02686854544 -0.0672502499141","clone-4 0.0785759926506 0.144715202079,clone-3 0.0681524385458 0.107626340093,clone-2 0.0346689176331 0.0921705886982,clone-1 0.0187580655695 0.0143573319664",True,True
LK4-B04,-0.09027376,0.000602617,-0.20403146100000003,0.002084597,"clone-4 0.072321394424 0.00766971624714,clone-3 -0.0577567621264 -0.180079783781,clone-2 0.0344491738792 -0.0762805354015,clone-1 0.0277312391536 -0.180541575382","clone-4 0.0487126129977 0.0367996315732,clone-3 0.00157432371804 -0.0826824563725,clone-2 0.0164070647405 -0.0130080903252,clone-1 0.0689490951685 0.15618029944",False,True
LK4-B05,-0.055145455999999995,0.00248993,-0.08560521900000001,0.019507959,"clone-4 -0.0114201425181 0.00599312167168,clone-3 0.0440837975534 0.0936812698079,clone-2 0.0302129159898 -0.0305079669639,clone-1 0.0229408084921 0.00170851143228","clone-4 0.0497145160503 0.130503953231,clone-3 0.0127799937442 0.0583077954262,clone-2 -0.034830820346 -0.0119614261349,clone-1 -0.00278006329338 0.0209684416509",False,True
LK4-B06,-0.007389524000000001,0.002122923,0.014807849,0.00475423,"clone-4 0.0827024288997 0.156015480467,clone-3 0.073147231858 0.153944261326,clone-2 0.0644934371926 0.0192413790198,clone-1 0.0680664124055 0.148978203807","clone-4 0.0595525012065 0.151377303186,clone-3 0.0390435611388 0.156429894562,clone-2 0.0551134478044 0.147794733725,clone-1 0.0638677722046 0.171772788088",False,True
LK4-B07,0.051667858,0.000991282,0.09550913400000001,0.004075991,"clone-4 0.109000606731 0.103274250942,clone-3 0.117428116583 0.138670508612,clone-2 0.0999729649311 -0.409182282082,clone-1 0.127926801747 0.191803189442","clone-4 0.118726545727 0.206652911042,clone-3 0.0837439495745 0.193885941985,clone-2 0.100750970704 0.127017100977,clone-1 0.101712811579 0.16142435877",True,True
LK4-B08,-0.063909414,0.000627339,-0.18059387699999999,0.005012594,"clone-4 0.0301701611801 -0.119470895339,clone-3 -0.0164433996702 -0.104964252876,clone-2 0.011624225828 -0.0548843166465,clone-1 -0.032557316809 -0.114833264538","clone-4 0.0613652376662 0.132261693761,clone-3 0.0679043568411 0.0924495783137,clone-2 -0.0305151184058 -0.071061297646,clone-1 -0.0355743239943 -0.0772249446309",True,True
LK4-B12,-0.022692413999999998,0.001088646,-0.12548404900000001,0.005120408,"clone-4 0.061761505893 0.00212984468158,clone-3 0.0973951727576 0.119307557068,clone-2 0.0751580044386 0.0680516931172,clone-1 0.0267824295806 -0.0517352231603","clone-4 0.0504204889421 0.0275352570744,clone-3 0.00565608049704 -0.0877034525062,clone-2 0.0336838438056 0.124300370961,clone-1 0.0733203872364 0.0749469883539",False,True
LK4-C07,-0.110691027,0.001278091,-0.11586954,,"clone-4 0.0547457431988 -0.279266796694,clone-3 -0.0275669909063 -0.122558988895,clone-1 0.0397231623245 -0.0862238610856","clone-4 0.0357860104439 0.0331871129163,clone-3 0.00676456192086 0.0688778205208,clone-2 0.0331091314775 0.0145429882723,clone-1 -0.0336075925088 -0.0552141695385",True,True
LK4-C08,-0.024730103,0.000446369,-0.107141134,0.005751946,"clone-4 0.0198930653844 -0.0354061614502,clone-3 0.0698091622041 -0.210589668256,clone-2 0.044508184009 0.00345564491212,clone-1 -0.00708724643134 -0.0710115473882","clone-4 0.0163882655633 0.0411666988403,clone-2 0.00060998852982 0.0735978205619,clone-1 0.0302088083895 0.0748052772128",True,False
LK4-C09,-0.087799295,0.002503409,-0.166612848,0.007953734,"clone-3 -0.0207533002852 -0.0760425535969,clone-2 0.0257909542102 -0.064862714871,clone-1 0.0102606396437 -0.0710239754288","clone-4 0.0184133935579 0.0431487089907,clone-3 0.0469861767462 0.0908310116789,clone-2 0.0415436705289 0.107362534876,clone-1 -0.0252529633362 -0.0135579228737",True,False
LK4-C10,-0.045171086,0.000936399,-0.12195671599999999,0.0032505459999999996,"clone-4 0.0856669945291 0.0920725526015,clone-3 0.0385298915048 -0.234306184896,clone-2 0.0835913374729 0.0551843206952,clone-1 0.0141761087543 -0.0389912708944","clone-4 0.0343343575539 0.0252339429317,clone-3 0.0473854231026 0.0726905609397,clone-2 0.0196644437669 0.0221074426455,clone-1 0.0722455663923 0.0965293921122",True,True
LK4-D01,0.011072576,0.000793625,0.043133516,0.0034944190000000003,"clone-4 0.0731860003538 0.156960481689,clone-3 0.0780586572751 0.156845657693,clone-2 0.0698153621836 0.0975597633689,clone-1 0.0745324474789 0.136100146097","clone-4 0.0706520108697 0.196059121861,clone-3 0.0728478721986 0.152115811099,clone-2 0.0674073702637 0.181535757748,clone-1 0.0598200741631 0.180003377291",False,True
LK4-D02,-0.026555348,0.001138072,-0.163509345,0.0017395879999999998,"clone-4 0.0199451297808 -0.0738585390763,clone-3 0.0525461210183 -0.047026783186,clone-2 0.0341590745771 -0.105887283524,clone-1 -0.012211268484 -0.142021543252","clone-4 0.0640446531223 0.139142782023,clone-3 0.030235378873 0.0448314308105,clone-2 0.0469805326802 0.091422313183,clone-1 0.0018648993158 -0.0247049131455",True,False
LK4-D11,-0.060829465,0.001173037,-0.244047029,0.027412415,"clone-4 0.0603132868167 -0.0145617877032,clone-3 0.0333246323075 -0.131431512828,clone-2 -0.0187647153308 -0.0758343969491,clone-1 0.0483342754865 -0.0568169240303","clone-4 0.0616416536484 0.0879731653347,clone-3 -0.00635650919953 0.0587957591822,clone-2 0.0637316799797 0.047760622,clone-1 0.05771186299 0.111642326274",True,False
LK4-D12,-0.149403013,0.012661782,-0.263695044,0.01149379,"clone-4 -0.0342738842024 -0.184871304789,clone-3 -0.0539751528923 -0.149356567647,clone-2 -0.0331371056866 -0.0760491376214,clone-1 -0.0240087461327 -0.247927553745","clone-4 0.0233178101957 0.0344575420045,clone-3 -0.0408131651563 -0.0489739427973,clone-2 0.0277747513765 0.122076332236,clone-1 0.0635595080427 0.156625475522",False,True
LK4-E01,0.007107061,0.0018362460000000001,-0.12209480800000001,0.005437018,"clone-4 0.027833957439 -0.0579316940625,clone-3 0.0396217617258 -0.0347686429258,clone-2 0.0480112877923 -0.0665142507363,clone-1 0.0388281733867 -0.0417376828822","clone-4 0.047653468111 0.0848838504711,clone-3 0.0195328124505 -0.0428218921734,clone-2 -0.0669647883151 0.0132192276386,clone-1 0.0750255838766 0.106448669805",True,False
LK4-E02,-0.021837705,0.00184064,0.040421621,0.001202169,"clone-4 0.0704686069941 0.129102939124,clone-3 0.113808318904 0.197302639953,clone-2 0.06506259241 0.111008289721,clone-1 0.0985685363069 0.0722546899211","clone-4 0.00525175656208 0.15539270695,clone-3 0.0469488170093 0.165998507645,clone-2 0.0924445500591 0.160634425534,clone-1 0.0442807224348 0.115483020099",True,False
LK4-E03,0.013554151,0.000825623,-0.043479905,0.003144028,"clone-4 0.0781678284403 0.119341189297,clone-3 0.0642167549091 0.152370096087,clone-2 0.0802629013908 0.143436827342,clone-1 0.105361108697 0.181433888771","clone-4 0.0775456448468 0.162802766128,clone-3 0.0866737708935 0.181005324441,clone-2 0.0767240534956 0.175456265579,clone-1 0.0755173462012 0.163306686452",True,True
LK4-G05,-0.078376922,0.001638022,-0.16322220199999998,0.017673547,"clone-4 0.0193256675594 -0.128055827654,clone-3 0.0104144305225 -0.153717689898,clone-2 0.00109558246254 -0.0339606194874","clone-4 -0.0538520578947 -0.0627644284568,clone-3 0.0440826653375 0.0484927058432,clone-2 0.0116537384161 0.0339706118842,clone-1 0.0529786073359 0.137234815068",False,True
LK4-G06,0.017536443999999998,0.001608635,-0.084310983,0.00356173,"clone-4 0.0813250609304 -0.0627403516408,clone-3 0.0684571821341 0.0238741375188,clone-2 0.0923636720271 0.0648159226669,clone-1 0.0696760505402 -0.0080084622768","clone-4 0.0780416914185 0.0908741633334,clone-3 0.0651201248042 0.0760166568879,clone-2 0.0763485040216 0.0760873754863,clone-1 0.082809677777 0.12086815659",True,True
LK4-G09,-0.050985005,0.001445741,-0.161299093,0.009676872,"clone-4 0.0265861106234 -0.181113306145,clone-3 -0.0112831237252 -0.099219487498,clone-2 0.0488875228688 0.00942218846054,clone-1 0.0448798084045 0.159150805943","clone-4 0.0436704258641 0.089897419835,clone-3 -0.000940046144358 -0.0378578683367,clone-2 0.0576271216373 0.133917311244,clone-1 0.0599134517412 0.177162374852",False,True
LK4-H03,0.02296139,0.001593772,0.114606291,0.0033210809999999996,"clone-4 0.068852620176 0.157005487734,clone-3 0.0638928545178 0.15911980687,clone-2 0.0769960587616 0.170521959456,clone-1 0.0857658433651 0.170260337916","clone-4 0.065877228191 0.172033974949,clone-3 0.0729778179196 0.17152078743,clone-2 0.0816320600906 0.192546557164,clone-1 0.0605212737345 0.173277310266",True,False
LK4-H10,-0.01690951,0.0018521739999999998,-0.022194321,0.002013081,"clone-4 0.0779541424072 0.0419513617566,clone-3 0.0969613294345 0.148488438685,clone-2 0.0848081335975 0.0515514466667,clone-1 0.0662703215239 0.0738074880596","clone-4 0.0938236575806 0.161105557526,clone-3 0.0637029152324 0.179324033803,clone-2 0.0906790246314 0.17333357923,clone-1 0.0803673774989 0.156564743958",False,True
LK4-H11,-0.043349795,0.001277561,-0.150776019,0.005558024,"clone-4 0.0367745030532 -0.122743807696,clone-3 0.064856263536 -0.161290123767,clone-2 0.035175322519 -0.10634466396,clone-1 0.0656284365871 -0.342288181915","clone-4 0.0735361092903 0.129876616574,clone-3 0.0547293452558 0.0716665102308,clone-2 0.0568280971178 0.125778186212,clone-1 -0.00130511676812 0.0137292956265",False,True
LK4-H12,-0.062143255,0.00158355,-0.150699692,0.005242302,"clone-4 -0.0284046947913 -0.0399494759602,clone-3 0.0535389138487 0.0997205251315,clone-2 0.00597671448046 -0.211961029669,clone-1 -0.0412870593775 -0.111611934084","clone-3 -0.0351966072079 -0.0478550883991,clone-2 -0.0409644266932 -0.050111127023,clone-1 0.0361547303592 0.060509009294",True,True
LK5-A03,0.030986837000000003,0.00039994300000000004,0.035833804,0.000985887,"clone-4 0.0584197201342 0.0710078930781,clone-3 0.0529257080931 0.0851450245255,clone-2 0.060481683207 0.102464562597,clone-1 0.0615326378454 0.0835609065258",clone-4 0.0794561575688 0.172704248693,True,False
LK5-A04,0.032954446,0.0011615389999999998,0.044900933,0.002055312,"clone-4 0.0738380641142 0.0892618521825,clone-3 0.0605905607394 0.109744151241,clone-2 0.0522294787121 0.0766947061688,clone-1 0.0736410329512 0.102573217294","clone-4 0.0654455047447 0.122868869634,clone-3 0.071590101818 0.114574758492,clone-2 0.0513124027745 0.11515610713,clone-1 0.0610612042433 0.126953499003",True,False
LK5-A05,0.006670793,0.0016760829999999999,0.052325942,0.0020596729999999997,"clone-4 0.0634260999335 0.13120670491,clone-3 0.0684171671591 0.0812300329196,clone-2 0.0644838532886 0.113032659957,clone-1 0.0668156133101 0.00853077815407","clone-4 0.0519567602271 0.116586612927,clone-1 0.0434811148301 0.101802102457",True,False
LK5-A07,0.022318946,0.0007083360000000001,0.07850909,0.001976316,"clone-4 0.0242686504917 0.0836150216798,clone-3 0.0381090311964 0.0982750537915,clone-2 0.0547891036221 0.132769961601,clone-1 0.0507548573301 0.105262590094","clone-4 0.0387935129296 0.119004273405,clone-3 0.038526108296 0.111548724748,clone-2 0.0279597736641 0.113366423088,clone-1 0.0328574599763 0.107021419752",True,False
LK5-B01,-0.069096858,0.002494945,-0.11962711,0.0013806379999999998,"clone-4 0.0866277194998 0.0497666801367,clone-3 0.00782534174219 -0.0618613541736,clone-2 0.098816541499 0.141430525949,clone-1 0.0036531414473 -0.00435304684911","clone-4 0.096605298267 0.134409599198,clone-3 0.0675698535533 0.124257008631,clone-2 -0.00163909811794 0.0417295265438,clone-1 -0.0118975114626 0.0284157676809",True,True
LK5-B05,-0.068647456,0.000616874,-0.156528563,0.0058912190000000005,"clone-4 0.0234920493874 -0.13145656928,clone-3 0.0395929182848 0.0740442610971,clone-2 0.0396172825985 0.104214356218,clone-1 -0.0115554777989 -0.0813906320041","clone-4 -0.0404998875394 -0.0638335147593,clone-3 0.0475651307203 0.100318503841,clone-2 0.0376064732593 0.0840335401971,clone-1 -0.00132888797286 -0.0116442971856",True,False
LK5-B06,-0.068915324,0.0012472569999999999,-0.240038825,0.01479438,"clone-4 0.0378002040005 -0.084072208334,clone-3 0.00751169100491 0.0542001676274,clone-2 0.000328992688941 -0.0606183887712,clone-1 -0.0101424025532 -0.0836802615046","clone-4 0.0161969550137 0.0275421496377,clone-3 -0.0275251544382 -0.00953535125602,clone-2 -0.00815897330983 0.129113066634,clone-1 0.00364390669541 0.0211890388091",True,False
LK5-B07,-0.12667103400000002,0.000467444,-0.20717524399999998,0.056239110999999994,"clone-4 0.0191630650425 -0.0203665401326,clone-3 0.0318561546576 0.102078668262,clone-2 0.0576455536304 0.0316256205891,clone-1 0.0522878874889 0.0116249448806","clone-4 0.0445347858771 0.0590449121403,clone-3 0.0365622950449 0.0824777335894,clone-2 0.0512483899899 0.0613375232305,clone-1 0.101130852327 0.168358947808",True,True
LK5-C01,-0.035507118,0.001292945,-0.14735885099999999,0.004914774,"clone-4 0.0489238631661 0.0154237748101,clone-3 0.0127581764851 -0.0544250051661,clone-2 -0.00675812781692 -0.0930607229679,clone-1 0.0459184753587 0.098313722804","clone-4 0.032412450901 0.0311814906353,clone-3 -0.0137969296802 -0.0320592652043,clone-2 -0.0120748557289 -0.0427974542745,clone-1 -0.0274764886756 -0.00934965234942",False,True
LK5-C03,-0.034896086,0.001128729,-0.127438868,0.00140001,"clone-4 0.00907147848742 -0.098978744519,clone-3 0.0319719462676 -0.000316977188345,clone-2 0.0553158191357 -0.00687380534382,clone-1 0.0206380639238 0.0730434043551","clone-4 0.0310072906086 0.058597704174,clone-3 0.0286062189018 0.10289158704,clone-2 0.0295488229824 0.0858006138177,clone-1 0.0268589229244 0.0785946373458",False,True
LK5-C04,0.054950025,0.002889505,0.052278002999999997,0.0031578,"clone-4 0.0894848918392 0.101664616811,clone-3 0.0853528377307 0.11191966205,clone-2 0.0868526219397 0.0904899748405,clone-1 0.0974749912745 0.135759407555","clone-4 0.0847052830417 0.156242520255,clone-3 0.0759100506563 0.144120896228,clone-2 0.0804708574954 0.13387214377,clone-1 0.0751922961117 0.128470447761",True,True
LK5-C11,-0.07890419900000001,0.0019862029999999998,-0.160352435,0.002351306,"clone-4 0.023817561215 0.0170016389796,clone-3 0.0140837857559 -0.0819189043752,clone-2 -0.0119866141023 -0.0888465558622,clone-1 0.0246035947057 -0.0685393950151","clone-4 0.0663847176701 0.138331799955,clone-3 0.070340813585 0.135871200061,clone-2 0.0480942668433 0.0739791259834,clone-1 -0.038780791631 -0.0204367614906",True,True
LK5-D03,0.072367787,0.001955251,0.058216009000000006,0.005484126,"clone-4 0.102914788537 0.139011135078,clone-3 0.111324526284 0.119842241852,clone-2 0.111435762151 0.113306901352,clone-1 0.101132939684 0.116605981719","clone-4 0.109644108716 0.1872579717,clone-3 0.132561119472 0.185874568976,clone-2 0.112890901853 0.155576060327,clone-1 0.11214407625 0.184394835922",True,True
LK5-D04,-0.008201942,0.001298156,-0.033454971,0.022641786,"clone-4 0.0536018575573 0.0440176981687,clone-3 0.0320651101673 0.0189082008971,clone-2 0.0529986687373 0.0981003585252,clone-1 0.0355419138812 0.00877883280475","clone-4 0.0943857747207 0.217722894469,clone-3 0.0561138358455 0.158269399826,clone-2 0.0739477471903 0.17205864105,clone-1 0.0378177832396 0.160796198358",True,True
LK5-D05,0.039769121,0.0072978190000000005,0.015310108999999999,0.009789553000000001,"clone-4 0.0630975670561 0.0730030202822,clone-3 0.0798895812209 0.117172362187,clone-2 0.0852865375118 0.0899906376232,clone-1 0.0648050183466 0.0876994567478","clone-4 0.0752364499427 0.184249697398,clone-3 0.000951855496339 0.0821699151414,clone-2 0.0930656480194 0.158855039214,clone-1 0.0621151511585 0.166431779651",False,True
LK5-D08,0.032239849,0.00392163,0.09548546699999999,0.002470333,"clone-4 0.0680033584089 0.14261148406,clone-3 0.070905431671 0.153827193168,clone-2 0.0648147094762 0.136942223455,clone-1 0.0859927723109 0.150151887086","clone-4 0.0698665310896 0.162610743806,clone-3 0.0989210649087 0.168764870138,clone-2 0.0899460169387 0.168233957044,clone-1 0.0850964958511 0.175046120885",True,True
LK5-D09,0.0036834359999999996,0.003868134,0.019390622,0.002088221,"clone-4 0.0938825907016 0.105764055669,clone-3 0.0954045889818 0.103693564416,clone-2 0.0808571924074 0.115036347359,clone-1 0.100006199984 0.103893641468","clone-4 0.0601865160618 0.18120962862,clone-3 0.046770242393 0.158830243879,clone-2 0.0144462611414 0.174376329895,clone-1 0.0253180957637 0.157884721488",True,False
LK5-E01,-0.08983357800000001,0.0015864920000000001,-0.193180451,0.004261868,"clone-4 9.07359333934e-05 -0.0702323738433,clone-3 -0.0142070248957 -0.105914360471,clone-2 -0.0415857438159 -0.172044266857,clone-1 0.0564248107984 0.0725070857034","clone-4 0.0684736575243 0.161176523076,clone-3 0.00347587670244 -0.0901664431971,clone-2 0.0465908600391 -0.0377556537303,clone-1 0.0535466302342 0.123899225532",True,False
LK5-E08,-0.06663271,0.01857088,-0.084743746,0.03018202,"clone-4 0.0747718606895 0.0657423764335,clone-3 0.0597083871057 0.117193457654,clone-2 0.0546034743118 0.0712417139914,clone-1 0.0545097544613 0.0600698995847","clone-4 0.0425829612047 0.163625178319,clone-3 0.028155580489 0.172627560495,clone-2 0.0177387898814 0.148112033381,clone-1 0.0747680315842 0.176735303354",False,True
LK5-E09,-0.014933995,0.001369363,-0.089698474,0.0033720670000000003,"clone-4 0.0489329907388 -0.149555659543,clone-3 0.0392812950199 0.0154879813034,clone-2 0.0294016402004 0.017934873247,clone-1 0.0409501081236 0.0341242867914","clone-3 0.0266094827972 0.0233692727327,clone-2 0.0634963118201 0.117770343635,clone-1 0.0577389971194 0.12657120111",True,True
LK5-F01,0.029027435,0.001767911,-0.05511548,0.002161872,"clone-4 0.0673330021866 0.0147741169232,clone-3 0.0612278325423 0.0209742654996,clone-2 0.0746056290644 0.0368235136725,clone-1 0.0769770511684 0.107822339519","clone-4 0.104103296708 0.140120919292,clone-3 0.0705721491993 0.114751308917,clone-2 0.107037772273 0.169861972067,clone-1 0.0994090394113 0.180383319921",False,True
LK5-F03,-0.061319714000000004,0.002508937,-0.145473254,0.009482675999999999,"clone-4 0.0506269307519 -0.0704846750844,clone-3 0.0741367612315 -0.141359897292,clone-2 0.00600538272647 -0.0932470825798,clone-1 0.063339364915 0.0511723379291","clone-4 0.0763778661868 0.0752893544181,clone-2 0.0792848651423 0.147503108528,clone-1 0.0477604377898 0.00469758230821",True,True
LK5-F07,0.057171065,0.002264054,0.061566009000000005,0.004830138,"clone-4 0.0834037611893 0.0832752022908,clone-3 0.085183936972 0.0866128101524,clone-2 0.10028377328 0.117153621345,clone-1 0.084071236217 0.0831222149572","clone-4 0.100314517965 0.177102246898,clone-3 0.0949412567835 0.169972325862,clone-2 0.0826170448124 0.167314961499",True,False
LK5-F08,0.015046178,0.011763226000000002,0.054876665,0.010632466,"clone-4 0.0751720263045 0.0847261183021,clone-3 0.0846950157403 0.151641610694,clone-2 0.119846106858 0.163251093501,clone-1 0.0738231023014 0.116768812325","clone-4 0.0555146210662 0.180305996864,clone-3 0.0733953121767 0.176936951853,clone-2 0.102262278189 0.202466015342,clone-1 0.0626356908712 0.155821257348",False,True
LK5-F10,-0.092640198,0.00342568,-0.14173409,0.011672928,"clone-4 -0.0317354037814 -0.0314950949208,clone-3 -0.0170867598029 -0.0608233162437,clone-2 -0.0112435708949 -0.0750430634544,clone-1 -0.0474213191771 -0.0952058388568","clone-4 0.0381663905532 0.136628733154,clone-3 0.0019163653803 0.0204078313145,clone-2 0.00716481422623 0.0873298544094,clone-1 0.00733746172859 0.144647318965",True,True
LK5-G01,-0.097400427,0.0036781929999999997,-0.156619284,0.006283989,"clone-4 0.0262487255598 7.77750130047e-06,clone-3 0.0443035563145 0.0126424760488,clone-2 0.0142681723431 -0.0338803054035,clone-1 -0.0314291976997 -0.12610695367","clone-4 0.102822938664 0.20053866222,clone-3 0.0601880205244 0.131843196811,clone-1 0.0529305326723 0.0508887173676",False,True
LK5-G03,-0.061380255,0.002108656,-0.172106087,0.0028795170000000003,"clone-4 0.0456226380509 -0.0555012356443,clone-3 -0.000975317386635 -0.114593393176,clone-2 0.0290640256826 -0.0306942760163,clone-1 -0.0284029236313 -0.141799477814","clone-4 0.0359715718191 0.0345304820378,clone-3 -0.00428466784939 -0.0599407732138,clone-2 0.0500416592574 0.103027690079,clone-1 0.096236098874 0.174177966397",False,True
LK5-G09,0.000908654,0.00039876800000000003,0.023807683,0.001213455,"clone-4 0.0547813350218 0.057557923196,clone-3 0.0620219825864 0.0612748394704,clone-2 0.0554298345674 0.0277778293293,clone-1 0.0598368820406 0.0471551902254","clone-4 0.0501870701131 0.139292959001,clone-3 0.0699421392315 0.154633051542,clone-2 0.067948592417 0.166712464122,clone-1 0.0690419314695 0.156407179799",False,True
LK5-H02,-0.034306781,0.0021580189999999997,-0.07943734,0.015832655,"clone-4 0.0128064240074 -0.0489640003373,clone-3 0.00620563178931 -0.0485914436651,clone-2 0.0565027019815 -0.0799254175547,clone-1 0.060964942864 -0.0491560033185","clone-4 -0.000973135950788 -0.0427543736503,clone-3 0.0285466150214 -0.00418266622585,clone-2 0.0534875308138 0.13756141343,clone-1 0.00171112530011 -0.0419438091734",True,False
LK5-H07,-0.016148315,0.001371246,-0.081252693,0.004529493,"clone-4 0.0713024636435 0.0943623336247,clone-3 0.0350552664526 -0.0559250051784,clone-2 0.0233745374998 -0.0459247264834,clone-1 -0.00161991207144 -0.0475707594343","clone-4 0.0136955231285 -0.0214976351384,clone-3 0.106082743483 0.158384148704,clone-2 0.0802642130216 0.113323442932,clone-1 0.0305600030188 -0.030765384045",True,True
LK5-H08,-0.000319424,0.013520636,-0.015163291,0.003692255,"clone-4 0.0711823293752 0.0926777268966,clone-3 0.0786986488461 0.0871084308117,clone-2 0.042803028789 0.0512481858252,clone-1 0.0435693267231 0.0396408450763","clone-4 0.0742323599938 0.168961856525,clone-3 0.0216772528817 0.123550697594,clone-2 -0.0355019388841 0.156822827606,clone-1 0.0311412474019 0.127857958267",True,False
LK5-H12,-0.023919485,0.0019929929999999998,-0.079827392,0.0033181020000000003,"clone-4 0.0124660134959 -0.114420424589,clone-3 0.028062618529 -0.0155939701892,clone-2 0.0096959195458 0.0537797429439,clone-1 0.0314692363664 -0.0286892805826","clone-4 0.0227723924286 0.140912076332,clone-3 0.0406418598106 0.0656309116718,clone-2 0.0115165292296 0.052528034107,clone-1 0.0173455479912 0.117930972411",True,False
LK6-A03,-0.071606045,0.003126813,-0.139804707,0.005003187,"clone-4 0.0222065857609 0.000198574868052,clone-3 0.0362498582717 -0.0141092191314,clone-2 0.00441058121968 -0.067531595941,clone-1 0.0259927104462 0.042179895234","clone-4 0.0784015479413 0.139674232051,clone-3 0.0542181344669 0.0993764687826,clone-2 0.0667796680551 0.10334262383,clone-1 0.0558618817366 0.0574960158252",True,True
LK6-A05,0.006446217,0.00291105,-0.041207811000000004,0.0018398829999999998,"clone-4 0.0539873536175 0.0285422434725,clone-3 0.0535286916093 0.0245368032695,clone-2 0.0527293716055 0.0197441777358,clone-1 0.0585296126295 0.0195880964843","clone-4 0.0692229149964 0.114256010148,clone-3 0.0571591101938 0.175838799916,clone-2 0.0642292492403 0.111410358424,clone-1 0.0460509549604 0.128267138885",True,False
LK6-A07,-0.043732835,0.000799239,-0.159299432,0.002310116,"clone-4 0.0432833357184 -0.120266648196,clone-3 0.0273555225605 -0.050030383854,clone-2 0.0441439097981 -0.040508099501,clone-1 0.0353220175839 -0.0805764044475","clone-4 0.0618171114784 0.181875531062,clone-3 0.0573668093565 0.158528911744,clone-2 0.00495444132921 0.132732983289,clone-1 0.059821466463 0.169657131581",False,True
LK6-A09,-0.11869411699999999,0.006375402,-0.238833302,0.016252644,"clone-4 -0.0241971606893 -0.132835162002,clone-3 -0.0424473434271 -0.185797457489,clone-2 -0.0734753148503 -0.225373385385,clone-1 -0.0712469783376 -0.231871570311","clone-4 -0.0921647156898 0.0132287073944,clone-3 -0.035126352253 -0.0960804578673,clone-2 0.0378722240974 0.113801295719,clone-1 -0.0375686572262 -0.0505521862844",False,True
LK6-A10,-0.087805455,0.013969185,-0.207314694,0.010277993000000001,"clone-4 0.0115705205347 -0.0416224756794,clone-3 0.0291555169036 0.00637168327366,clone-2 -0.0374445196045 -0.111688719,clone-1 0.00673168078526 -0.128748401306","clone-4 -0.0353484884171 -0.0203503096776,clone-3 0.046749503629 0.0920057322049,clone-2 0.0168792723321 -0.00795305106816,clone-1 -0.0168889263152 -0.0481662102665",False,True
LK6-A11,-0.101157306,0.003686965,-0.20448418699999998,0.016635352,"clone-4 0.0213502950946 -0.0346676496941,clone-2 0.0716155069448 0.111904497426,clone-1 0.0251388244595 0.0942225846306","clone-3 0.0271402873227 0.0691966448516,clone-2 -0.0190321511358 -0.0493620853165,clone-1 -0.0474663345274 -0.0926288517579",False,True
LK6-B05,-0.006164366,0.000781425,0.062772566,0.001455011,"clone-4 0.0516964535889 -0.00177397740111,clone-3 0.0505515089839 -0.0520603661247,clone-2 0.0518779910522 0.0797604384546,clone-1 0.0558169987281 0.0981866625448","clone-3 0.0340895101139 0.133322713807,clone-2 0.0307575658642 0.128388685011,clone-1 0.0288148225673 0.126912716914",True,True
LK6-B07,-0.016711953,0.0015164360000000001,-0.076059205,0.00130352,"clone-4 0.0793884092716 -0.11292967014,clone-3 0.0416318356858 0.00118241728282,clone-2 0.0450298053663 0.0132989856781,clone-1 0.0902709453507 0.184543356008",clone-4 0.061363306501 0.0824471414594,False,True
LK6-B09,-0.06491301099999999,0.000742145,-0.104319591,0.00418703,"clone-4 0.034752894561 -0.0352551174418,clone-3 0.0423862641059 -0.0219059707285,clone-2 0.0446069803771 0.0865530127749,clone-1 0.0589512747436 0.00808581317587","clone-4 0.0251088792304 0.0859025857802,clone-3 0.0459733888874 0.111381148368,clone-2 0.0665772484359 0.110151943137,clone-1 0.0448236911189 0.0645888956761",True,False
LK6-B10,0.029777902999999998,0.0013762779999999999,0.062201985999999994,0.00075469,"clone-4 0.0567346663411 0.101249696229,clone-3 0.0513982202227 0.108628652257,clone-2 0.0966568821847 0.140866896016,clone-1 0.0521298128867 0.105888229945","clone-4 0.0594829148463 0.118618806996,clone-3 0.0788173257731 0.175191381742,clone-2 0.0855571558687 0.173641263149,clone-1 0.0833206429536 0.147438624572",True,False
LK6-C02,-0.010438455,0.001253768,-0.136118789,0.0044851809999999995,"clone-4 0.0337292771368 -0.0137338434599,clone-3 0.0352827952118 -0.0083494091012,clone-2 0.0519817263504 0.0283868218801,clone-1 0.0356819466265 -0.0563096463359","clone-4 0.0205179128047 -0.0392486343464,clone-3 0.0480543454597 0.0652407477767,clone-2 0.0180614041156 -0.0584449807069,clone-1 0.0587066540901 0.0375606261046",True,True
LK6-C05,-0.059662380999999994,0.00027315,-0.157736669,0.001298743,"clone-4 0.00806850384351 -0.063905963126,clone-3 0.0381347188292 -0.0558017606475,clone-2 0.00573111024909 -0.0424083286899,clone-1 0.0236249107729 0.0136855815438","clone-4 -0.039867548671 -0.0387010870801,clone-3 0.0180770038101 0.0929404745049,clone-1 0.0164090692401 0.00846691245336",False,True
LK6-C11,0.079424925,0.002621052,0.121020296,0.002216588,"clone-4 0.109327511525 0.162117208793,clone-3 0.143755453965 0.190922873647,clone-2 0.143994382589 0.167759177459,clone-1 0.0995610092383 0.153814677503","clone-4 0.126539793356 0.21861074484,clone-3 0.125175818077 0.209561108491,clone-1 0.10205490341 0.157013060175",True,True
LK6-C12,0.049026118,0.0020620639999999997,0.09421514,0.0019327379999999998,"clone-4 0.0428516843103 0.0922561171302,clone-3 0.0676087200824 0.0906215581343,clone-2 0.103403857644 0.138611615447,clone-1 0.0640856966207 0.112347882322","clone-4 0.100754277196 0.181304957456,clone-3 0.111877018147 0.184383890964,clone-2 0.104280907669 0.179755673325,clone-1 0.0912120651302 0.16673168846",True,True
LK6-D05,-0.043812384,0.011669628999999999,-0.123871165,0.001995909,"clone-4 0.076929909462 0.0435814931613,clone-3 0.0824806891397 0.102399739905,clone-2 0.0374200408399 -0.0764722988226,clone-1 0.0867291184138 0.0642551425579","clone-4 0.0642964094758 0.0792693451051,clone-3 0.0491295047318 0.124509242746,clone-1 0.118501998432 0.142429309608",False,True
LK6-D06,-0.063374275,0.002516981,-0.153525621,0.006501715,"clone-4 0.0942860444741 0.0430445265023,clone-3 0.0838115354426 0.109227922515,clone-2 0.0750638599213 0.0689518054204,clone-1 0.0861284412971 0.0495055830703","clone-4 0.0454889529201 0.0698873122708,clone-3 0.0605157058076 0.0631409940573,clone-2 0.0902713797882 0.148054565358,clone-1 0.0800887974514 0.143166749333",False,True
LK6-D07,-0.067901009,0.0008513139999999999,-0.151119601,0.002600406,"clone-4 0.011496335411 -0.0653352779503,clone-3 -0.0176454858585 -0.108596107754,clone-2 0.0604797300894 -0.110965872869,clone-1 3.60508482367e-05 -0.0669078558628","clone-4 0.073164993407 0.104479576658,clone-3 0.0513666259208 0.0537404721486,clone-2 0.0583601342656 0.0367180388483,clone-1 0.0279912720459 0.0807640561017",False,True
LK6-E02,-0.107711445,0.002363814,-0.245614755,0.011871172,"clone-4 -0.0132645279085 -0.200951635102,clone-3 0.0124781398533 -0.114218184473,clone-2 -0.0154484344032 -0.13181254984,clone-1 0.0229623451783 -0.172241663529","clone-4 0.0248585949167 0.0254216725416,clone-3 0.0699117182343 0.111218153127,clone-2 0.0507955620791 0.0320304735707,clone-1 0.0483473406623 0.0591065977373",False,True
LK6-E04,-0.042724455,0.001921862,-0.10406598199999999,0.001971203,"clone-4 0.0633759647365 0.0287063663082,clone-3 0.0108738929704 -0.0404878519073,clone-2 0.124065101758 0.126786217084,clone-1 0.00976153028348 -0.0594462402112","clone-4 0.083215688189 0.171295440704,clone-3 -0.0121226903579 -0.00602058092731,clone-2 0.0862141494879 0.0899743927501,clone-1 0.0226288827551 0.00915311952259",True,False
LK6-E11,0.034827308,0.000975179,0.105404938,0.003690829,"clone-4 0.109591295678 0.162626940197,clone-3 0.0762834753502 0.115202619657,clone-2 0.121386454601 0.134553193811,clone-1 0.0773467391803 0.102213015544","clone-4 0.0789806907663 0.204059198854,clone-3 0.103912285385 0.221145031164,clone-2 0.109750933051 0.222469409697,clone-1 0.105987494043 0.206356094939",True,True
LK6-F03,-0.109289121,0.001342171,-0.20155050100000002,0.007709506999999999,"clone-4 0.0200753923648 -0.139632157666,clone-2 0.0233142377866 0.0837194790909,clone-1 0.0455968288807 -0.0692827154012","clone-3 0.0122067731548 0.0502574141739,clone-2 -0.057975578575 -0.0502572448192,clone-1 0.0313606075065 0.0915273456752",False,True
